Folder,File Name,Width,Height,Raw Link
CharDhamTP,0.jpg,946,1213,https://raw.githubusercontent.com/h0891728-cmyk/images/main/CharDhamTP/0.jpg
CharDhamTP,12.jpg,951,298,https://raw.githubusercontent.com/h0891728-cmyk/images/main/CharDhamTP/12.jpg
CharDhamTP,14.jpg,916,534,https://raw.githubusercontent.com/h0891728-cmyk/images/main/CharDhamTP/14.jpg
CharDhamTP,17.jpg,916,534,https://raw.githubusercontent.com/h0891728-cmyk/images/main/CharDhamTP/17.jpg
CharDhamTP,19.jpg,666,390,https://raw.githubusercontent.com/h0891728-cmyk/images/main/CharDhamTP/19.jpg
CharDhamTP,21.jpg,797,467,https://raw.githubusercontent.com/h0891728-cmyk/images/main/CharDhamTP/21.jpg
CharDhamTP,23.jpg,861,508,https://raw.githubusercontent.com/h0891728-cmyk/images/main/CharDhamTP/23.jpg
CharDhamTP,25.jpg,685,402,https://raw.githubusercontent.com/h0891728-cmyk/images/main/CharDhamTP/25.jpg
CharDhamTP,27.jpg,916,536,https://raw.githubusercontent.com/h0891728-cmyk/images/main/CharDhamTP/27.jpg
CharDhamTP,3.jpg,252,252,https://raw.githubusercontent.com/h0891728-cmyk/images/main/CharDhamTP/3.jpg
CharDhamTP,30.jpg,916,536,https://raw.githubusercontent.com/h0891728-cmyk/images/main/CharDhamTP/30.jpg
CharDhamTP,32.jpg,916,536,https://raw.githubusercontent.com/h0891728-cmyk/images/main/CharDhamTP/32.jpg
CharDhamTP,34.jpg,574,337,https://raw.githubusercontent.com/h0891728-cmyk/images/main/CharDhamTP/34.jpg
CharDhamTP,37.jpg,797,469,https://raw.githubusercontent.com/h0891728-cmyk/images/main/CharDhamTP/37.jpg
CharDhamTP,4.jpg,260,260,https://raw.githubusercontent.com/h0891728-cmyk/images/main/CharDhamTP/4.jpg
CharDhamTP,5.jpg,272,270,https://raw.githubusercontent.com/h0891728-cmyk/images/main/CharDhamTP/5.jpg
CharDhamTP,6.jpg,252,251,https://raw.githubusercontent.com/h0891728-cmyk/images/main/CharDhamTP/6.jpg
DoDhamTP,0.jpg,970,1256,https://raw.githubusercontent.com/h0891728-cmyk/images/main/DoDhamTP/0.jpg
DoDhamTP,10.jpg,916,534,https://raw.githubusercontent.com/h0891728-cmyk/images/main/DoDhamTP/10.jpg
DoDhamTP,13.jpg,685,402,https://raw.githubusercontent.com/h0891728-cmyk/images/main/DoDhamTP/13.jpg
DoDhamTP,15.jpg,916,536,https://raw.githubusercontent.com/h0891728-cmyk/images/main/DoDhamTP/15.jpg
DoDhamTP,17.jpg,916,536,https://raw.githubusercontent.com/h0891728-cmyk/images/main/DoDhamTP/17.jpg
DoDhamTP,19.jpg,916,536,https://raw.githubusercontent.com/h0891728-cmyk/images/main/DoDhamTP/19.jpg
DoDhamTP,22.jpg,797,469,https://raw.githubusercontent.com/h0891728-cmyk/images/main/DoDhamTP/22.jpg
DoDhamTP,8.jpg,420,637,https://raw.githubusercontent.com/h0891728-cmyk/images/main/DoDhamTP/8.jpg
Jaisalmer,IMG-20251125-WA0023.jpg,1200,1600,https://raw.githubusercontent.com/h0891728-cmyk/images/main/Jaisalmer/IMG-20251125-WA0023.jpg
Jaisalmer,IMG-20251125-WA0024.jpg,1200,1600,https://raw.githubusercontent.com/h0891728-cmyk/images/main/Jaisalmer/IMG-20251125-WA0024.jpg
Jaisalmer,IMG-20251125-WA0026.jpg,1200,1600,https://raw.githubusercontent.com/h0891728-cmyk/images/main/Jaisalmer/IMG-20251125-WA0026.jpg
Jaisalmer,IMG-20251125-WA0027.jpg,1200,1600,https://raw.githubusercontent.com/h0891728-cmyk/images/main/Jaisalmer/IMG-20251125-WA0027.jpg
Jaisalmer,IMG-20251125-WA0028.jpg,1200,1600,https://raw.githubusercontent.com/h0891728-cmyk/images/main/Jaisalmer/IMG-20251125-WA0028.jpg
Jaisalmer,IMG-20251125-WA0029.jpg,1200,1600,https://raw.githubusercontent.com/h0891728-cmyk/images/main/Jaisalmer/IMG-20251125-WA0029.jpg
Jaisalmer,IMG-20251125-WA0030.jpg,1200,1600,https://raw.githubusercontent.com/h0891728-cmyk/images/main/Jaisalmer/IMG-20251125-WA0030.jpg
Jaisalmer,IMG-20251125-WA0031.jpg,1200,1600,https://raw.githubusercontent.com/h0891728-cmyk/images/main/Jaisalmer/IMG-20251125-WA0031.jpg
Jaisalmer,IMG-20251125-WA0032.jpg,1200,1600,https://raw.githubusercontent.com/h0891728-cmyk/images/main/Jaisalmer/IMG-20251125-WA0032.jpg
Jaisalmer,IMG-20251125-WA0033.jpg,1200,1600,https://raw.githubusercontent.com/h0891728-cmyk/images/main/Jaisalmer/IMG-20251125-WA0033.jpg
Jaisalmer,IMG-20251125-WA0034.jpg,1200,1600,https://raw.githubusercontent.com/h0891728-cmyk/images/main/Jaisalmer/IMG-20251125-WA0034.jpg
Jaisalmer,Screenshot_20251125_205017_Instagram.jpg,1080,1438,https://raw.githubusercontent.com/h0891728-cmyk/images/main/Jaisalmer/Screenshot_20251125_205017_Instagram.jpg
Jibhi,20241231_155606(0).jpg,4000,1800,https://raw.githubusercontent.com/h0891728-cmyk/images/main/Jibhi/20241231_155606(0).jpg
KARERI-LAKE,1.jpeg,576,1280,https://raw.githubusercontent.com/h0891728-cmyk/images/main/KARERI-LAKE/1.jpeg
KARERI-LAKE,2.jpeg,960,1280,https://raw.githubusercontent.com/h0891728-cmyk/images/main/KARERI-LAKE/2.jpeg
KARERI-LAKE,4.jpeg,960,1280,https://raw.githubusercontent.com/h0891728-cmyk/images/main/KARERI-LAKE/4.jpeg
KARERI-LAKE,5.jpeg,1280,960,https://raw.githubusercontent.com/h0891728-cmyk/images/main/KARERI-LAKE/5.jpeg
KARERI-LAKE,6.jpeg,1280,960,https://raw.githubusercontent.com/h0891728-cmyk/images/main/KARERI-LAKE/6.jpeg
KARERI-LAKE,7.jpeg,576,1280,https://raw.githubusercontent.com/h0891728-cmyk/images/main/KARERI-LAKE/7.jpeg
KARERI-LAKE,8.jpeg,576,1280,https://raw.githubusercontent.com/h0891728-cmyk/images/main/KARERI-LAKE/8.jpeg
KARERI-LAKE,9.jpeg,1200,1600,https://raw.githubusercontent.com/h0891728-cmyk/images/main/KARERI-LAKE/9.jpeg
KEDARNATH,1.jpeg,1280,960,https://raw.githubusercontent.com/h0891728-cmyk/images/main/KEDARNATH/1.jpeg
KEDARNATH,2.jpeg,1024,768,https://raw.githubusercontent.com/h0891728-cmyk/images/main/KEDARNATH/2.jpeg
KEDARNATH,3.jpeg,1152,864,https://raw.githubusercontent.com/h0891728-cmyk/images/main/KEDARNATH/3.jpeg
KEDARNATH,4.jpeg,1280,960,https://raw.githubusercontent.com/h0891728-cmyk/images/main/KEDARNATH/4.jpeg
KEDARNATH,5.jpeg,960,1280,https://raw.githubusercontent.com/h0891728-cmyk/images/main/KEDARNATH/5.jpeg
KEDARNATH,6.jpeg,1280,960,https://raw.githubusercontent.com/h0891728-cmyk/images/main/KEDARNATH/6.jpeg
KEDARNATH,7.jpeg,1280,960,https://raw.githubusercontent.com/h0891728-cmyk/images/main/KEDARNATH/7.jpeg
KEDARNATH,8.jpeg,1280,960,https://raw.githubusercontent.com/h0891728-cmyk/images/main/KEDARNATH/8.jpeg
KEDARNATH,9.jpeg,960,1280,https://raw.githubusercontent.com/h0891728-cmyk/images/main/KEDARNATH/9.jpeg
KINNAURKAILASH,0.jpg,1512,2016,https://raw.githubusercontent.com/h0891728-cmyk/images/main/KINNAURKAILASH/0.jpg
KINNAURKAILASH,10.jpg,800,600,https://raw.githubusercontent.com/h0891728-cmyk/images/main/KINNAURKAILASH/10.jpg
KINNAURKAILASH,11.png,540,540,https://raw.githubusercontent.com/h0891728-cmyk/images/main/KINNAURKAILASH/11.png
KINNAURKAILASH,12.jpg,908,2016,https://raw.githubusercontent.com/h0891728-cmyk/images/main/KINNAURKAILASH/12.jpg
KINNAURKAILASH,13.jpg,800,533,https://raw.githubusercontent.com/h0891728-cmyk/images/main/KINNAURKAILASH/13.jpg
KINNAURKAILASH,14.jpg,1613,727,https://raw.githubusercontent.com/h0891728-cmyk/images/main/KINNAURKAILASH/14.jpg
KINNAURKAILASH,17.jpg,807,605,https://raw.githubusercontent.com/h0891728-cmyk/images/main/KINNAURKAILASH/17.jpg
KINNAURKAILASH,6.jpg,765,405,https://raw.githubusercontent.com/h0891728-cmyk/images/main/KINNAURKAILASH/6.jpg
KINNAURKAILASH,9.jpg,1210,545,https://raw.githubusercontent.com/h0891728-cmyk/images/main/KINNAURKAILASH/9.jpg
KUARI-PASS,1.jpeg,1280,640,https://raw.githubusercontent.com/h0891728-cmyk/images/main/KUARI-PASS/1.jpeg
KUARI-PASS,2.jpeg,960,1280,https://raw.githubusercontent.com/h0891728-cmyk/images/main/KUARI-PASS/2.jpeg
KUARI-PASS,3.jpeg,1280,960,https://raw.githubusercontent.com/h0891728-cmyk/images/main/KUARI-PASS/3.jpeg
KUARI-PASS,4.jpeg,1280,960,https://raw.githubusercontent.com/h0891728-cmyk/images/main/KUARI-PASS/4.jpeg
KUARI-PASS,5.jpeg,960,1280,https://raw.githubusercontent.com/h0891728-cmyk/images/main/KUARI-PASS/5.jpeg
KUARI-PASS,6.jpeg,1280,960,https://raw.githubusercontent.com/h0891728-cmyk/images/main/KUARI-PASS/6.jpeg
KUARI-PASS,7.jpeg,1600,900,https://raw.githubusercontent.com/h0891728-cmyk/images/main/KUARI-PASS/7.jpeg
KUARI-PASS,8.jpeg,1600,1002,https://raw.githubusercontent.com/h0891728-cmyk/images/main/KUARI-PASS/8.jpeg
KedarnathTP,0.jpg,1022,965,https://raw.githubusercontent.com/h0891728-cmyk/images/main/KedarnathTP/0.jpg
KedarnathTP,10.jpg,916,534,https://raw.githubusercontent.com/h0891728-cmyk/images/main/KedarnathTP/10.jpg
KedarnathTP,13.jpg,685,402,https://raw.githubusercontent.com/h0891728-cmyk/images/main/KedarnathTP/13.jpg
KedarnathTP,15.jpg,916,536,https://raw.githubusercontent.com/h0891728-cmyk/images/main/KedarnathTP/15.jpg
KedarnathTP,17.jpg,861,504,https://raw.githubusercontent.com/h0891728-cmyk/images/main/KedarnathTP/17.jpg
KedarnathTP,19.jpg,916,534,https://raw.githubusercontent.com/h0891728-cmyk/images/main/KedarnathTP/19.jpg
KedarnathTP,20.jpg,797,469,https://raw.githubusercontent.com/h0891728-cmyk/images/main/KedarnathTP/20.jpg
KedarnathTP,8.jpg,436,638,https://raw.githubusercontent.com/h0891728-cmyk/images/main/KedarnathTP/8.jpg
MANALI,1.jpeg,1280,960,https://raw.githubusercontent.com/h0891728-cmyk/images/main/MANALI/1.jpeg
MANALI,2.jpeg,960,1280,https://raw.githubusercontent.com/h0891728-cmyk/images/main/MANALI/2.jpeg
MANALI,3.jpeg,960,1280,https://raw.githubusercontent.com/h0891728-cmyk/images/main/MANALI/3.jpeg
MANALI,4.jpeg,1280,960,https://raw.githubusercontent.com/h0891728-cmyk/images/main/MANALI/4.jpeg
MANALI,5.jpeg,1280,960,https://raw.githubusercontent.com/h0891728-cmyk/images/main/MANALI/5.jpeg
MANALI,6.jpeg,1280,960,https://raw.githubusercontent.com/h0891728-cmyk/images/main/MANALI/6.jpeg
MANALI,7.jpeg,1200,1600,https://raw.githubusercontent.com/h0891728-cmyk/images/main/MANALI/7.jpeg
MANALI,8.jpeg,1280,720,https://raw.githubusercontent.com/h0891728-cmyk/images/main/MANALI/8.jpeg
MANALI,9.jpeg,576,1280,https://raw.githubusercontent.com/h0891728-cmyk/images/main/MANALI/9.jpeg
MANIMAHESH,0.jpg,981,2178,https://raw.githubusercontent.com/h0891728-cmyk/images/main/MANIMAHESH/0.jpg
MANIMAHESH,1.jpeg,1280,576,https://raw.githubusercontent.com/h0891728-cmyk/images/main/MANIMAHESH/1.jpeg
MANIMAHESH,10.jpeg,576,1280,https://raw.githubusercontent.com/h0891728-cmyk/images/main/MANIMAHESH/10.jpeg
MANIMAHESH,2.jpeg,1280,576,https://raw.githubusercontent.com/h0891728-cmyk/images/main/MANIMAHESH/2.jpeg
MANIMAHESH,3.jpeg,1280,576,https://raw.githubusercontent.com/h0891728-cmyk/images/main/MANIMAHESH/3.jpeg
MANIMAHESH,32.jpg,765,405,https://raw.githubusercontent.com/h0891728-cmyk/images/main/MANIMAHESH/32.jpg
MANIMAHESH,35.jpg,794,530,https://raw.githubusercontent.com/h0891728-cmyk/images/main/MANIMAHESH/35.jpg
MANIMAHESH,37.jpg,872,393,https://raw.githubusercontent.com/h0891728-cmyk/images/main/MANIMAHESH/37.jpg
MANIMAHESH,38.jpg,872,393,https://raw.githubusercontent.com/h0891728-cmyk/images/main/MANIMAHESH/38.jpg
MANIMAHESH,4.jpeg,1280,576,https://raw.githubusercontent.com/h0891728-cmyk/images/main/MANIMAHESH/4.jpeg
MANIMAHESH,40.jpg,800,600,https://raw.githubusercontent.com/h0891728-cmyk/images/main/MANIMAHESH/40.jpg
MANIMAHESH,41.png,432,432,https://raw.githubusercontent.com/h0891728-cmyk/images/main/MANIMAHESH/41.png
MANIMAHESH,42.jpg,818,1815,https://raw.githubusercontent.com/h0891728-cmyk/images/main/MANIMAHESH/42.jpg
MANIMAHESH,5.jpeg,1280,576,https://raw.githubusercontent.com/h0891728-cmyk/images/main/MANIMAHESH/5.jpeg
MANIMAHESH,6.jpeg,576,1280,https://raw.githubusercontent.com/h0891728-cmyk/images/main/MANIMAHESH/6.jpeg
MANIMAHESH,7.jpeg,1200,1600,https://raw.githubusercontent.com/h0891728-cmyk/images/main/MANIMAHESH/7.jpeg
MANIMAHESH,75.jpg,968,436,https://raw.githubusercontent.com/h0891728-cmyk/images/main/MANIMAHESH/75.jpg
MANIMAHESH,76.jpg,800,533,https://raw.githubusercontent.com/h0891728-cmyk/images/main/MANIMAHESH/76.jpg
MANIMAHESH,77.jpg,1017,459,https://raw.githubusercontent.com/h0891728-cmyk/images/main/MANIMAHESH/77.jpg
MANIMAHESH,8.jpeg,1200,1600,https://raw.githubusercontent.com/h0891728-cmyk/images/main/MANIMAHESH/8.jpeg
MANIMAHESH,82.jpg,807,605,https://raw.githubusercontent.com/h0891728-cmyk/images/main/MANIMAHESH/82.jpg
MANIMAHESH,9.jpeg,1600,1200,https://raw.githubusercontent.com/h0891728-cmyk/images/main/MANIMAHESH/9.jpeg
NAG,GPTempDownload (1).jpg,1043,913,https://raw.githubusercontent.com/h0891728-cmyk/images/main/NAG/GPTempDownload (1).jpg
NAG,GPTempDownload.jpg,1043,913,https://raw.githubusercontent.com/h0891728-cmyk/images/main/NAG/GPTempDownload.jpg
NAG,GX010651.jpg,1623,913,https://raw.githubusercontent.com/h0891728-cmyk/images/main/NAG/GX010651.jpg
NAG,IMG_4570.jpg,1623,913,https://raw.githubusercontent.com/h0891728-cmyk/images/main/NAG/IMG_4570.jpg
NAG,IMG_4573.jpg,685,913,https://raw.githubusercontent.com/h0891728-cmyk/images/main/NAG/IMG_4573.jpg
NAG,IMG_4574.MOV.jpg,1216,913,https://raw.githubusercontent.com/h0891728-cmyk/images/main/NAG/IMG_4574.MOV.jpg
NAG,IMG_4575.jpg,685,913,https://raw.githubusercontent.com/h0891728-cmyk/images/main/NAG/IMG_4575.jpg
NAG,IMG_4611.jpg,1623,913,https://raw.githubusercontent.com/h0891728-cmyk/images/main/NAG/IMG_4611.jpg
NAG,IMG_4644.jpg,1623,913,https://raw.githubusercontent.com/h0891728-cmyk/images/main/NAG/IMG_4644.jpg
NAG,IMG_4687.jpg,1216,913,https://raw.githubusercontent.com/h0891728-cmyk/images/main/NAG/IMG_4687.jpg
RAULANE-FESTIVAL,1.jpeg,1201,1600,https://raw.githubusercontent.com/h0891728-cmyk/images/main/RAULANE-FESTIVAL/1.jpeg
RAULANE-FESTIVAL,2.jpeg,1200,1600,https://raw.githubusercontent.com/h0891728-cmyk/images/main/RAULANE-FESTIVAL/2.jpeg
RAULANE-FESTIVAL,3.jpeg,1201,1600,https://raw.githubusercontent.com/h0891728-cmyk/images/main/RAULANE-FESTIVAL/3.jpeg
RAULANE-FESTIVAL,4.jpeg,1280,720,https://raw.githubusercontent.com/h0891728-cmyk/images/main/RAULANE-FESTIVAL/4.jpeg
RAULANE-FESTIVAL,5.jpeg,720,1280,https://raw.githubusercontent.com/h0891728-cmyk/images/main/RAULANE-FESTIVAL/5.jpeg
RAULANE-FESTIVAL,6.jpeg,720,1280,https://raw.githubusercontent.com/h0891728-cmyk/images/main/RAULANE-FESTIVAL/6.jpeg
RAULANE-FESTIVAL,7.jpeg,720,1280,https://raw.githubusercontent.com/h0891728-cmyk/images/main/RAULANE-FESTIVAL/7.jpeg
SANGLA-HOLI,1.jpeg,1280,720,https://raw.githubusercontent.com/h0891728-cmyk/images/main/SANGLA-HOLI/1.jpeg
SANGLA-HOLI,2.jpeg,720,1280,https://raw.githubusercontent.com/h0891728-cmyk/images/main/SANGLA-HOLI/2.jpeg
SANGLA-HOLI,3.jpeg,1280,720,https://raw.githubusercontent.com/h0891728-cmyk/images/main/SANGLA-HOLI/3.jpeg
SANGLA-HOLI,4.jpeg,1280,720,https://raw.githubusercontent.com/h0891728-cmyk/images/main/SANGLA-HOLI/4.jpeg
SANGLA-HOLI,5.jpeg,1280,720,https://raw.githubusercontent.com/h0891728-cmyk/images/main/SANGLA-HOLI/5.jpeg
SANGLA-HOLI,6.jpeg,1280,720,https://raw.githubusercontent.com/h0891728-cmyk/images/main/SANGLA-HOLI/6.jpeg
SANGLA-HOLI,7.jpeg,853,1280,https://raw.githubusercontent.com/h0891728-cmyk/images/main/SANGLA-HOLI/7.jpeg
SANGLA-HOLI,8.jpeg,1280,720,https://raw.githubusercontent.com/h0891728-cmyk/images/main/SANGLA-HOLI/8.jpeg
SAR-PASS,1.jpeg,1280,960,https://raw.githubusercontent.com/h0891728-cmyk/images/main/SAR-PASS/1.jpeg
SAR-PASS,10.jpeg,1600,366,https://raw.githubusercontent.com/h0891728-cmyk/images/main/SAR-PASS/10.jpeg
SAR-PASS,2.jpeg,720,1280,https://raw.githubusercontent.com/h0891728-cmyk/images/main/SAR-PASS/2.jpeg
SAR-PASS,3.jpeg,1280,960,https://raw.githubusercontent.com/h0891728-cmyk/images/main/SAR-PASS/3.jpeg
SAR-PASS,4.jpeg,1280,588,https://raw.githubusercontent.com/h0891728-cmyk/images/main/SAR-PASS/4.jpeg
SAR-PASS,5.jpeg,1280,960,https://raw.githubusercontent.com/h0891728-cmyk/images/main/SAR-PASS/5.jpeg
SAR-PASS,6.jpeg,960,1280,https://raw.githubusercontent.com/h0891728-cmyk/images/main/SAR-PASS/6.jpeg
SAR-PASS,7.jpeg,960,1280,https://raw.githubusercontent.com/h0891728-cmyk/images/main/SAR-PASS/7.jpeg
SAR-PASS,8.jpeg,960,1280,https://raw.githubusercontent.com/h0891728-cmyk/images/main/SAR-PASS/8.jpeg
SAR-PASS,9.jpeg,1280,588,https://raw.githubusercontent.com/h0891728-cmyk/images/main/SAR-PASS/9.jpeg
SHRIKHANDMAHADEV,0.jpg,1090,2420,https://raw.githubusercontent.com/h0891728-cmyk/images/main/SHRIKHANDMAHADEV/0.jpg
SHRIKHANDMAHADEV,11.jpg,440,936,https://raw.githubusercontent.com/h0891728-cmyk/images/main/SHRIKHANDMAHADEV/11.jpg
SHRIKHANDMAHADEV,12.jpg,968,436,https://raw.githubusercontent.com/h0891728-cmyk/images/main/SHRIKHANDMAHADEV/12.jpg
SHRIKHANDMAHADEV,13.jpg,800,600,https://raw.githubusercontent.com/h0891728-cmyk/images/main/SHRIKHANDMAHADEV/13.jpg
SHRIKHANDMAHADEV,14.png,432,432,https://raw.githubusercontent.com/h0891728-cmyk/images/main/SHRIKHANDMAHADEV/14.png
SHRIKHANDMAHADEV,15.jpg,818,1815,https://raw.githubusercontent.com/h0891728-cmyk/images/main/SHRIKHANDMAHADEV/15.jpg
SHRIKHANDMAHADEV,16.jpg,1200,540,https://raw.githubusercontent.com/h0891728-cmyk/images/main/SHRIKHANDMAHADEV/16.jpg
SHRIKHANDMAHADEV,17.jpg,1600,720,https://raw.githubusercontent.com/h0891728-cmyk/images/main/SHRIKHANDMAHADEV/17.jpg
SHRIKHANDMAHADEV,18.jpg,800,533,https://raw.githubusercontent.com/h0891728-cmyk/images/main/SHRIKHANDMAHADEV/18.jpg
SHRIKHANDMAHADEV,19.jpg,1130,509,https://raw.githubusercontent.com/h0891728-cmyk/images/main/SHRIKHANDMAHADEV/19.jpg
SHRIKHANDMAHADEV,22.jpg,807,605,https://raw.githubusercontent.com/h0891728-cmyk/images/main/SHRIKHANDMAHADEV/22.jpg
SHRIKHANDMAHADEV,8.jpg,765,405,https://raw.githubusercontent.com/h0891728-cmyk/images/main/SHRIKHANDMAHADEV/8.jpg
TUNGNATH,1.jpeg,1280,960,https://raw.githubusercontent.com/h0891728-cmyk/images/main/TUNGNATH/1.jpeg
TUNGNATH,10.jpeg,1200,1600,https://raw.githubusercontent.com/h0891728-cmyk/images/main/TUNGNATH/10.jpeg
TUNGNATH,2.jpeg,576,1024,https://raw.githubusercontent.com/h0891728-cmyk/images/main/TUNGNATH/2.jpeg
TUNGNATH,3.jpeg,768,1024,https://raw.githubusercontent.com/h0891728-cmyk/images/main/TUNGNATH/3.jpeg
TUNGNATH,4.jpeg,1600,1200,https://raw.githubusercontent.com/h0891728-cmyk/images/main/TUNGNATH/4.jpeg
TUNGNATH,5.jpeg,720,1280,https://raw.githubusercontent.com/h0891728-cmyk/images/main/TUNGNATH/5.jpeg
TUNGNATH,6.jpeg,1200,1600,https://raw.githubusercontent.com/h0891728-cmyk/images/main/TUNGNATH/6.jpeg
TUNGNATH,7.jpeg,1200,1600,https://raw.githubusercontent.com/h0891728-cmyk/images/main/TUNGNATH/7.jpeg
TUNGNATH,8.jpeg,1200,1600,https://raw.githubusercontent.com/h0891728-cmyk/images/main/TUNGNATH/8.jpeg
TUNGNATH,9.jpeg,1200,1600,https://raw.githubusercontent.com/h0891728-cmyk/images/main/TUNGNATH/9.jpeg
WINTERKASHMIR,0.jpg,972,1215,https://raw.githubusercontent.com/h0891728-cmyk/images/main/WINTERKASHMIR/0.jpg
WINTERKASHMIR,11.jpg,1200,540,https://raw.githubusercontent.com/h0891728-cmyk/images/main/WINTERKASHMIR/11.jpg
WINTERKASHMIR,13.jpg,756,714,https://raw.githubusercontent.com/h0891728-cmyk/images/main/WINTERKASHMIR/13.jpg
WINTERKASHMIR,15.jpg,756,641,https://raw.githubusercontent.com/h0891728-cmyk/images/main/WINTERKASHMIR/15.jpg
WINTERKASHMIR,17.jpg,648,540,https://raw.githubusercontent.com/h0891728-cmyk/images/main/WINTERKASHMIR/17.jpg
WINTERKASHMIR,19.jpg,756,788,https://raw.githubusercontent.com/h0891728-cmyk/images/main/WINTERKASHMIR/19.jpg
WINTERKASHMIR,7.jpg,648,442,https://raw.githubusercontent.com/h0891728-cmyk/images/main/WINTERKASHMIR/7.jpg
WINTERKASHMIR,9.jpg,756,550,https://raw.githubusercontent.com/h0891728-cmyk/images/main/WINTERKASHMIR/9.jpg
WINTERSPITITP,0.jpg,2057,2743,https://raw.githubusercontent.com/h0891728-cmyk/images/main/WINTERSPITITP/0.jpg
WINTERSPITITP,10.jpg,1210,1613,https://raw.githubusercontent.com/h0891728-cmyk/images/main/WINTERSPITITP/10.jpg
WINTERSPITITP,14.jpg,1372,1828,https://raw.githubusercontent.com/h0891728-cmyk/images/main/WINTERSPITITP/14.jpg
WINTERSPITITP,15.jpg,1210,1613,https://raw.githubusercontent.com/h0891728-cmyk/images/main/WINTERSPITITP/15.jpg
WINTERSPITITP,16.jpg,1225,1715,https://raw.githubusercontent.com/h0891728-cmyk/images/main/WINTERSPITITP/16.jpg
WINTERSPITITP,17.jpg,1361,1815,https://raw.githubusercontent.com/h0891728-cmyk/images/main/WINTERSPITITP/17.jpg
WINTERSPITITP,18.jpg,1372,1828,https://raw.githubusercontent.com/h0891728-cmyk/images/main/WINTERSPITITP/18.jpg
WINTERSPITITP,19.jpg,1210,1613,https://raw.githubusercontent.com/h0891728-cmyk/images/main/WINTERSPITITP/19.jpg
WINTERSPITITP,20.jpg,1210,1613,https://raw.githubusercontent.com/h0891728-cmyk/images/main/WINTERSPITITP/20.jpg
WINTERSPITITP,21.jpg,1210,1613,https://raw.githubusercontent.com/h0891728-cmyk/images/main/WINTERSPITITP/21.jpg
WINTERSPITITP,22.jpg,1080,1350,https://raw.githubusercontent.com/h0891728-cmyk/images/main/WINTERSPITITP/22.jpg
WINTERSPITITP,23.jpg,828,621,https://raw.githubusercontent.com/h0891728-cmyk/images/main/WINTERSPITITP/23.jpg
WINTERSPITITP,24.jpg,1280,960,https://raw.githubusercontent.com/h0891728-cmyk/images/main/WINTERSPITITP/24.jpg
WINTERSPITITP,25.jpg,828,1035,https://raw.githubusercontent.com/h0891728-cmyk/images/main/WINTERSPITITP/25.jpg
WINTERSPITITP,28.jpg,1613,727,https://raw.githubusercontent.com/h0891728-cmyk/images/main/WINTERSPITITP/28.jpg
WINTERSPITITP,3.jpg,1372,1828,https://raw.githubusercontent.com/h0891728-cmyk/images/main/WINTERSPITITP/3.jpg
WINTERSPITITP,5.jpg,1210,1613,https://raw.githubusercontent.com/h0891728-cmyk/images/main/WINTERSPITITP/5.jpg
YULLA-KANDA,1.jpeg,1280,960,https://raw.githubusercontent.com/h0891728-cmyk/images/main/YULLA-KANDA/1.jpeg
YULLA-KANDA,2.jpeg,1280,960,https://raw.githubusercontent.com/h0891728-cmyk/images/main/YULLA-KANDA/2.jpeg
YULLA-KANDA,3.jpeg,1280,960,https://raw.githubusercontent.com/h0891728-cmyk/images/main/YULLA-KANDA/3.jpeg
YULLA-KANDA,4.jpeg,576,1280,https://raw.githubusercontent.com/h0891728-cmyk/images/main/YULLA-KANDA/4.jpeg
YULLA-KANDA,5.jpeg,1280,960,https://raw.githubusercontent.com/h0891728-cmyk/images/main/YULLA-KANDA/5.jpeg
